{
  "gf256_mul_lookup": {
    "mean": -0.08430783999999994,
    "std_dev": 41.81162743646146,
    "max": 254.43424
  },
  "gf256_mul_lookup_flip": {
    "mean": 0.047822400000000355,
    "std_dev": 30.83251838192738,
    "max": 220.62812
  },
  "gf256_mul_lookup_zero": {
    "mean": 0.24794551999999953,
    "std_dev": 38.46971303869901,
    "max": 260.03321
  },
  "gf256_mul_lookup_zero_no_bb": {
    "mean": 0.13843051999999967,
    "std_dev": 37.57474290230627,
    "max": 258.56286
  },
  "gf256_mul_shift_and_add": {
    "mean": -0.04065293999999999,
    "std_dev": 1.5782889561803175,
    "max": 3.10511
  },
  "gf256_mul_shift_and_add_flip": {
    "mean": -0.05524163999999998,
    "std_dev": 1.5570218686653408,
    "max": 3.33834
  },
  "gf256_mul_shift_and_add_zero": {
    "mean": 0.07960696000000003,
    "std_dev": 1.6245518766811844,
    "max": 4.23905
  },
  "gf256_mul_shift_and_add_zero_no_bb": {
    "mean": 0.006347840000000005,
    "std_dev": 1.572271787032043,
    "max": 3.06605
  }
}